CD_MUN,municipality,year,month,pix_no_data,pix_land,pix_surface,pix_flood,pix_total,pix_visible,pct_visible,pct_flood_vis,pct_flood_total,flood_pixel_count,flood_sqkm,total_exposed_area_km2,adj_flood_sqkm,Cop_flood,MOD_Cop_fl_p,MOD_Cop_fl_km,diff_flood_sqkm,munic_areakm2,flood_duration,flood_intensity,population_exposed,SUM_pop_exp,settlements_exposed,agriculture_exposed,roads_exposed_pixels,HCFs_exposed,HCF_IDs_exposed,HCF_names_exposed,max_monthly_rainfall_mm,HCF_access_disrupted,pct_flooded,pct_population_exposed,pct_settlements_exposed,pct_agriculture_exposed,pct_road_exposed,binary_flood_pixels,flood_recurrence_index,proximity_flood_risk_score
2611606,Recife,2013,1,0,2811,1,746,3558,3558,100.0,20.96683530073075,20.96683530073075,746,46.625,46.625,5.1875,83,663,41.4375,41.4375,219.7681137392502,4,186.5,2894.1798568366644,2894.1798568366644,7088.016802766412,0.0035413820800781,0,1,0000000000000000034b,0000000000000000034b,99.35345077514648,3,2.3604425190429805,1.265200631510078,2.0622431376091064,0.7341838697586741,0.0,0,0.0,1.0
2611606,Recife,2013,2,0,2671,1,886,3558,3558,100.0,24.901630129286115,24.901630129286115,886,55.375,55.375,4.5,72,814,50.875,50.875,219.7681137392502,4,221.5,2586.845938144171,2586.845938144171,6025.173439732433,0.0070832778320312,0,6,0000000000000000054f;000000000000000006f8;000000000000000008b0;0000000000000000034b;000000000000000005ff;000000000000000005d3,0000000000000000054f;000000000000000006f8;000000000000000008b0;0000000000000000034b;000000000000000005ff;000000000000000005d3,53.10243797302246,8,2.047612787603549,1.130848556916065,1.753011163029878,1.4684742317275774,0.0,0,0.0,1.0
2611606,Recife,2013,3,0,2896,1,661,3558,3558,100.0,18.5778527262507,18.5778527262507,661,41.3125,41.3125,4.75,76,585,36.5625,36.5625,219.7681137392502,4,165.25,3284.665827589709,3284.665827589709,4634.3439123912285,0.0,0,3,00000000000000000620;00000000000000000016;000000000000000006aa,00000000000000000620;00000000000000000016;000000000000000006aa,77.42248249053955,4,2.1613690535815246,1.435902910300922,1.3483523242946112,0.0,0.0,0,0.0,1.0
2611606,Recife,2013,4,0,2791,1,766,3558,3558,100.0,21.52894884766723,21.52894884766723,766,47.875,47.875,4.8125,77,689,43.0625,43.0625,219.7681137392502,3,255.33333333333331,3555.995793328666,3555.995793328666,4486.928022897166,0.0,0,4,00000000000000000620;000000000000000005c4;000000000000000006aa;000000000000000005ff,00000000000000000620;000000000000000005c4;000000000000000006aa;000000000000000005ff,235.4441318511963,5,2.189808120076018,1.554515733615831,1.30546199051817,0.0,0.0,0,0.0,1.0
2611606,Recife,2013,5,0,1078,1,2479,3558,3558,100.0,69.67397414277684,69.67397414277684,2479,154.9375,154.9375,15.25,244,2235,139.6875,139.6875,219.7681137392502,4,619.75,9645.85064711349,9645.85064711349,19158.252476506328,0.0184026777918198,0,9,00000000000000000620;0000000000000000054f;000000000000000006f8;00000000000000000016;00000000000000000075;000000000000000005c4;000000000000000006aa;000000000000000005ff;000000000000000005d3,00000000000000000620;0000000000000000054f;000000000000000006f8;00000000000000000016;00000000000000000075;000000000000000005c4;000000000000000006aa;000000000000000005ff;000000000000000005d3,338.4205222129822,13,6.939132224656473,4.216716629186539,5.574052065288237,3.815162806387231,0.0,1,0.0,1.0
2611606,Recife,2013,6,0,1082,1,2475,3558,3558,100.0,69.56155143338954,69.56155143338954,2475,154.6875,154.6875,16.25,260,2215,138.4375,138.4375,219.7681137392502,4,618.75,10938.382343718084,10938.382343718084,19861.13289766913,0.0219439321863511,0,8,0000000000000000054f;0000000000000000028c;000000000000000006f8;00000000000000000016;00000000000000000075;000000000000000005c4;000000000000000005ff;000000000000000005d3,0000000000000000054f;0000000000000000028c;000000000000000006f8;00000000000000000016;00000000000000000075;000000000000000005c4;000000000000000005ff;000000000000000005d3,520.6580429077148,12,7.394157288568373,4.781751284834485,5.778553601534179,4.549320204935853,0.0,1,0.0,1.0
2611606,Recife,2013,7,0,684,1,2873,3558,3558,100.0,80.74761101742553,80.74761101742553,2873,179.5625,179.5625,15.875,254,2619,163.6875,163.6875,219.7681137392502,4,718.25,11748.19235624912,11748.19235624912,19517.103772350267,0.0106247875976562,0,11,00000000000000000620;0000000000000000054f;000000000000000006f8;00000000000000000016;00000000000000000075;000000000000000005c4;000000000000000006aa;000000000000000008b0;0000000000000000034b;000000000000000005ff;000000000000000005d3,00000000000000000620;0000000000000000054f;000000000000000006f8;00000000000000000016;00000000000000000075;000000000000000005c4;000000000000000006aa;000000000000000008b0;0000000000000000034b;000000000000000005ff;000000000000000005d3,466.968635559082,16,7.223522889601411,5.1357625038805965,5.678459072617489,2.202684572696304,0.0,1,0.0,1.0
2611606,Recife,2013,8,0,2036,1,1521,3558,3558,100.0,42.7487352445194,42.7487352445194,1521,95.0625,95.0625,10.9375,175,1346,84.125,84.125,219.7681137392502,4,380.25,8419.123283000843,8419.123283000843,14124.88348099366,0.0219435010340073,0,5,00000000000000000620;0000000000000000028c;00000000000000000075;000000000000000005c4;000000000000000006aa,00000000000000000620;0000000000000000028c;00000000000000000075;000000000000000005c4;000000000000000006aa,206.81488418579104,7,4.9768366365364045,3.68044856274287,4.10960425726397,4.54923082031453,0.0,1,0.0,1.0
2611606,Recife,2013,9,0,2795,1,762,3558,3558,100.0,21.41652613827993,21.41652613827993,762,47.625,47.625,5.0625,81,681,42.5625,42.5625,219.7681137392502,4,190.5,3210.8582329674787,3210.8582329674787,3387.6565852671743,0.0117919931726792,0,2,000000000000000005c4;000000000000000008b0,000000000000000005c4;000000000000000008b0,167.36461639404297,2,2.3035643860539934,1.403637667660352,0.9856313465307908,2.4446645360261465,0.0,0,0.0,1.0
2611606,Recife,2013,10,0,3032,1,525,3558,3558,100.0,14.75548060708263,14.75548060708263,525,32.8125,32.8125,2.6875,43,482,30.125,30.125,219.7681137392502,3,175.0,2570.146686547878,2570.146686547878,3251.2542064173126,0.0035419821777343,0,2,00000000000000000620;000000000000000006aa,00000000000000000620;000000000000000006aa,137.46404314041138,3,1.2228798592632308,1.123548421917382,0.9459453698233292,0.7343082793845027,0.0,0,0.0,1.0
2611606,Recife,2013,11,0,3071,1,486,3558,3558,100.0,13.659359190556492,13.659359190556492,486,30.375,30.375,2.875,46,440,27.5,27.5,219.7681137392502,4,121.5,1200.1836077937892,1200.1836077937892,3027.9831498243148,0.0,0,4,0000000000000000054f;000000000000000006f8;000000000000000008b0;000000000000000005d3,0000000000000000054f;000000000000000006f8;000000000000000008b0;000000000000000005d3,73.63402938842773,4,1.3081970587467122,0.5246643725067022,0.880985139465814,0.0,0.0,0,0.0,1.0
2611606,Recife,2013,12,0,2861,1,696,3558,3558,100.0,19.561551433389543,19.561551433389543,696,43.5,43.5,3.75,60,636,39.75,39.75,219.7681137392502,4,174.0,1948.0636475829444,1948.0636475829444,3434.557145040371,0.0035419821777343,0,6,00000000000000000620;0000000000000000054f;000000000000000006f8;000000000000000006aa;000000000000000005ff;000000000000000005d3,00000000000000000620;0000000000000000054f;000000000000000006f8;000000000000000006aa;000000000000000005ff;000000000000000005d3,144.35748100280762,6,1.7063439896696244,0.851602691975637,0.99927696282004,0.7343082793845027,0.0,0,0.0,1.0
2611606,Recife,2014,1,0,2024,1,1533,3558,3558,100.0,43.08600337268128,43.08600337268128,1533,95.8125,95.8125,6.9375,111,1422,88.875,88.875,219.7681137392502,4,383.25,5858.632243904778,5858.632243904778,10979.620031930184,0.0070833642578125,0,4,00000000000000000620;000000000000000006aa;000000000000000008b0;000000000000000005ff,00000000000000000620;000000000000000006aa;000000000000000008b0;000000000000000005ff,115.4989709854126,5,3.1567363808888054,2.5611211401613843,3.19449666873902,1.4684921491431768,0.0,1,0.0,1.0
2611606,Recife,2014,2,0,2529,1,1028,3558,3558,100.0,28.89263631253513,28.89263631253513,1028,64.25,64.25,5.25,84,944,59.0,59.0,219.7681137392502,4,257.0,2257.645061311294,2257.645061311294,3452.6326115148368,0.0066113169433593,0,2,00000000000000000016;000000000000000008b0,00000000000000000016;000000000000000008b0,140.95721054077148,3,2.3888815855374745,0.9869372667179956,1.0045359806431216,1.3706293610571365,0.0,0,0.0,1.0
2611606,Recife,2014,3,0,2209,1,1348,3558,3558,100.0,37.88645306351883,37.88645306351883,1348,84.25,84.25,6.0625,97,1251,78.1875,78.1875,219.7681137392502,4,337.0,3817.158140578544,3817.158140578544,7757.694846482415,0.0070827319335937,0,1,000000000000000008b0,000000000000000008b0,267.5288028717041,3,2.7585894499658927,1.6686837477033705,2.25708451404628,1.4683610584471247,0.0,0,0.0,1.0
2611606,Recife,2014,4,0,2413,1,1144,3558,3558,100.0,32.152894884766724,32.152894884766724,1144,71.5,71.5,8.6875,139,1005,62.8125,62.8125,219.7681137392502,3,381.3333333333333,6604.093835802776,6604.093835802776,9562.36155548553,0.0066111892578124,0,4,0000000000000000054f;0000000000000000028c;000000000000000006f8;000000000000000005d3,0000000000000000054f;0000000000000000028c;000000000000000006f8;000000000000000005d3,272.2548828125,5,3.95303024273463,2.8870022268560884,2.782148384501657,1.3706028898470843,0.0,0,0.0,1.0
2611606,Recife,2014,5,0,1605,1,1952,3558,3558,100.0,54.862282181000566,54.862282181000566,1952,122.0,122.0,14.1875,227,1725,107.8125,107.8125,219.7681137392502,4,488.0,9239.482649820606,9239.482649820606,18932.272310342512,0.013694553515625,0,8,00000000000000000620;0000000000000000054f;0000000000000000028c;000000000000000006f8;000000000000000006aa;000000000000000008b0;0000000000000000034b;000000000000000005d3,00000000000000000620;0000000000000000054f;0000000000000000028c;000000000000000006f8;000000000000000006aa;000000000000000008b0;0000000000000000034b;000000000000000005d3,344.3226928710937,12,6.455668094250079,4.039071468127892,5.508303625368455,2.839095038990261,0.0,1,0.0,1.0
2611606,Recife,2014,6,0,1744,1,1813,3558,3558,100.0,50.95559302979203,50.95559302979203,1813,113.3125,113.3125,11.8125,189,1624,101.5,101.5,219.7681137392502,4,453.25,7046.445019969267,7046.445019969267,12677.411216032046,0.0148606956140854,0,3,00000000000000000075;0000000000000000034b;000000000000000005ff,00000000000000000075;0000000000000000034b;000000000000000005ff,344.0670471191406,5,5.374983567459317,3.080377561230914,3.6884653366943194,3.0808545270027285,0.0,1,0.0,1.0
2611606,Recife,2014,7,0,1893,1,1664,3558,3558,100.0,46.76784710511524,46.76784710511524,1664,104.0,104.0,12.1875,195,1469,91.8125,91.8125,219.7681137392502,4,416.0,7328.179790802795,7328.179790802795,13043.979630341655,0.0,0,4,0000000000000000028c;00000000000000000016;000000000000000005c4;0000000000000000034b,0000000000000000028c;00000000000000000016;000000000000000005c4;0000000000000000034b,285.60517740249634,8,5.54561796642628,3.2035388807097,3.795117622927501,0.0,0.0,1,0.0,1.0
2611606,Recife,2014,8,0,1181,1,2376,3558,3558,100.0,66.77908937605397,66.77908937605397,2376,148.5,148.5,14.5625,233,2143,133.9375,133.9375,219.7681137392502,4,594.0,9317.092589844102,9317.092589844102,18433.795233739856,0.0254853555261948,0,9,0000000000000000054f;0000000000000000028c;000000000000000006f8;00000000000000000016;00000000000000000075;000000000000000005c4;000000000000000008b0;0000000000000000034b;000000000000000005d3,0000000000000000054f;0000000000000000028c;000000000000000006f8;00000000000000000016;00000000000000000075;000000000000000005c4;000000000000000008b0;0000000000000000034b;000000000000000005d3,149.3679132461548,13,6.626302493217041,4.072998919076469,5.363272799527571,5.28351262848898,0.0,1,0.0,1.0
2611606,Recife,2014,9,0,3026,1,531,3558,3558,100.0,14.924114671163574,14.924114671163574,531,33.1875,33.1875,5.3125,85,446,27.875,27.875,219.7681137392502,4,132.75,4565.155652064098,4565.155652064098,6059.443445493486,0.0082500109949448,0,2,00000000000000000016;00000000000000000075,00000000000000000016;00000000000000000075,216.9187209606171,4,2.417320652031968,1.995673420326504,1.7629819469844217,1.710356256641644,0.0,0,0.0,1.0
2611606,Recife,2014,10,0,3117,1,440,3558,3558,100.0,12.366498032602586,12.366498032602586,440,27.5,27.5,2.125,34,406,25.375,25.375,219.7681137392502,3,146.66666666666666,529.3797826613428,529.3797826613428,1454.172387989152,0.0,0,1,0000000000000000034b,0000000000000000034b,142.56579780578613,1,0.9669282608127872,0.2314201841152534,0.4230883068534543,0.0,0.0,0,0.0,1.0
2611606,Recife,2014,11,0,2875,1,682,3558,3558,100.0,19.168071950534006,19.168071950534006,682,42.625,42.625,4.0,64,618,38.625,38.625,219.7681137392502,4,170.5,2626.272830782188,2626.272830782188,4012.276720639296,0.0035413820800781,0,2,0000000000000000034b;000000000000000005ff,0000000000000000034b;000000000000000005ff,53.14205312728882,2,1.8201002556475996,1.1480841579953365,1.167363222121278,0.7341838697586741,0.0,0,0.0,1.0
2611606,Recife,2014,12,0,2706,1,851,3558,3558,100.0,23.917931422147277,23.917931422147277,851,53.1875,53.1875,5.125,82,769,48.0625,48.0625,219.7681137392502,4,212.75,4238.721654816395,4238.721654816395,5242.460370772823,0.0070833642578125,0,4,00000000000000000620;00000000000000000075;000000000000000006aa;000000000000000008b0,00000000000000000620;00000000000000000075;000000000000000006aa;000000000000000008b0,74.3981351852417,5,2.332003452548487,1.8529716810104249,1.525282490808203,1.4684921491431768,0.0,0,0.0,1.0
2611606,Recife,2015,1,0,2729,1,828,3558,3558,100.0,23.27150084317032,23.27150084317032,828,51.75,51.75,6.3125,101,727,45.4375,45.4375,219.7681137392502,4,207.0,4158.358977140823,4158.358977140823,7492.435010338508,0.0136939624511718,0,3,00000000000000000620;000000000000000006aa;000000000000000008b0,00000000000000000620;000000000000000006aa;000000000000000008b0,70.93657684326172,3,2.872345715943868,1.8178408613743209,2.1799077392173056,2.838972502088662,0.0,0,0.0,1.0
2611606,Recife,2015,2,0,3052,1,505,3558,3558,100.0,14.19336706014615,14.19336706014615,505,31.5625,31.5625,3.1875,51,454,28.375,28.375,219.7681137392502,4,126.25,2635.863758124952,2635.863758124952,5132.16120953276,0.0035414233398437,0,1,00000000000000000016,00000000000000000016,85.2629771232605,3,1.4503923912191807,1.1522768647140174,1.4931911887302247,0.7341924235531269,0.0,0,0.0,1.0
2611606,Recife,2015,3,0,2756,1,801,3558,3558,100.0,22.51264755480607,22.51264755480607,801,50.0625,50.0625,5.5625,89,712,44.5,44.5,219.7681137392502,4,200.25,2896.890185297113,2896.890185297113,4537.41841691043,0.0066107581054687,0,3,00000000000000000075;000000000000000005c4;000000000000000005ff,00000000000000000075;000000000000000005c4;000000000000000005ff,387.71908950805664,3,2.531076918009943,1.2663854608743133,1.32015206130474,1.370513505225761,0.0,0,0.0,1.0
2611606,Recife,2015,4,0,2873,1,684,3558,3558,100.0,19.22428330522765,19.22428330522765,684,42.75,42.75,6.375,102,582,36.375,36.375,219.7681137392502,3,228.0,4412.965491725793,4412.965491725793,7180.217533734762,0.0117914343347886,0,6,0000000000000000054f;0000000000000000028c;000000000000000006f8;000000000000000005c4;000000000000000008b0;000000000000000005d3,0000000000000000054f;0000000000000000028c;000000000000000006f8;000000000000000005c4;000000000000000008b0;000000000000000005d3,97.22354650497437,7,2.900784782438361,1.929142970771064,2.0890687405969284,2.444548680194771,0.0,0,0.0,1.0
2611606,Recife,2015,5,0,2147,1,1410,3558,3558,100.0,39.62900505902192,39.62900505902192,1410,88.125,88.125,11.375,182,1228,76.75,76.75,219.7681137392502,4,352.5,8198.927275078648,8198.927275078648,13753.56637780349,0.0101525713378906,0,2,00000000000000000016;0000000000000000034b,00000000000000000016;0000000000000000034b,182.24911832809448,4,5.175910101997861,3.584189124124684,4.001570350285653,2.104786759605758,0.0,0,0.0,1.0
2611606,Recife,2015,6,0,1272,1,2285,3558,3558,100.0,64.22147273749297,64.22147273749297,2285,142.8125,142.8125,16.0625,257,2028,126.75,126.75,219.7681137392502,4,571.25,13257.684342282768,13257.684342282768,22379.7303162124,0.0172359768554687,0,9,00000000000000000620;0000000000000000054f;000000000000000006f8;00000000000000000016;000000000000000005c4;000000000000000006aa;000000000000000008b0;000000000000000005ff;000000000000000005d3,00000000000000000620;0000000000000000054f;000000000000000006f8;00000000000000000016;000000000000000005c4;000000000000000006aa;000000000000000008b0;000000000000000005ff;000000000000000005d3,249.90400218963623,14,7.308840089084892,5.795642092731234,6.511334065706286,3.573287462543388,0.0,1,0.0,1.0
2611606,Recife,2015,7,0,1408,1,2149,3558,3558,100.0,60.399100618324894,60.399100618324894,2149,134.3125,134.3125,14.625,234,1915,119.6875,119.6875,219.7681137392502,4,537.25,10634.804616664793,10634.804616664793,16753.58112998009,0.0188752710047104,0,4,0000000000000000028c;00000000000000000016;00000000000000000075;000000000000000005c4,0000000000000000028c;00000000000000000016;00000000000000000075;000000000000000005c4,479.5923461914063,7,6.654741559711535,4.649041242273404,4.87441814502954,3.913138767753724,0.0,1,0.0,1.0
2611606,Recife,2015,8,0,2157,1,1400,3558,3558,100.0,39.34794828555368,39.34794828555368,1400,87.5,87.5,9.875,158,1242,77.625,77.625,219.7681137392502,4,350.0,4782.204443325518,4782.204443325518,9146.070828594868,0.0101531714355468,0,5,0000000000000000054f;000000000000000006f8;000000000000000005c4;0000000000000000034b;000000000000000005d3,0000000000000000054f;000000000000000006f8;000000000000000005c4;0000000000000000034b;000000000000000005d3,116.6277883052826,7,4.493372506130012,2.090557042408166,2.661029499111105,2.104911169231587,0.0,0,0.0,1.0
2611606,Recife,2015,9,0,2367,1,1190,3558,3558,100.0,33.44575604272063,33.44575604272063,1190,74.375,74.375,7.75,124,1066,66.625,66.625,219.7681137392502,4,297.5,3991.498472240487,3991.498472240487,9007.789926588688,0.0106247875976562,0,4,0000000000000000028c;00000000000000000075;0000000000000000034b;000000000000000005ff,0000000000000000028c;00000000000000000075;0000000000000000034b;000000000000000005ff,53.22666263580322,5,3.5264442453172244,1.744897220475396,2.620796970159799,2.202684572696304,0.0,0,0.0,1.0
2611606,Recife,2015,10,0,3369,1,188,3558,3558,100.0,5.283867341202924,5.283867341202924,188,11.75,11.75,1.25,20,168,10.5,10.5,219.7681137392502,3,62.66666666666666,168.43394490905362,168.43394490905362,921.3261653116576,0.0,0,0,,,33.23735761642456,0,0.5687813298898748,0.0736314755847929,0.2680578523984481,0.0,0.0,0,0.0,1.0
2611606,Recife,2015,11,0,3275,1,282,3558,3558,100.0,7.925801011804384,7.925801011804384,282,17.625,17.625,2.4375,39,243,15.1875,15.1875,219.7681137392502,4,70.5,1425.5884587319458,1425.5884587319458,3037.829871372944,0.0,0,1,0000000000000000034b,0000000000000000034b,34.57584238052368,1,1.109123593285256,0.6232008746797547,0.8838500217744568,0.0,0.0,0,0.0,1.0
2611606,Recife,2015,12,0,2841,1,716,3558,3558,100.0,20.123664980326023,20.123664980326023,716,44.75,44.75,3.8125,61,655,40.9375,40.9375,219.7681137392502,4,179.0,3663.225331947018,3663.225331947018,5861.585268856862,0.0,0,2,00000000000000000075;000000000000000005c4,00000000000000000075;000000000000000005c4,99.29837036132812,3,1.7347830561641182,1.6013914934812723,1.7054155390112524,0.0,0.0,0,0.0,1.0
2611606,Recife,2016,1,0,2813,1,744,3558,3558,100.0,20.9106239460371,20.9106239460371,744,46.5,46.5,4.875,78,666,41.625,41.625,219.7681137392502,4,186.0,4812.684281535045,4812.684281535045,7482.040830482164,0.0035419821777343,0,6,0000000000000000054f;000000000000000006f8;00000000000000000016;00000000000000000075;000000000000000005ff;000000000000000005d3,0000000000000000054f;000000000000000006f8;00000000000000000016;00000000000000000075;000000000000000005ff;000000000000000005d3,164.6720895767212,8,2.218247186570512,2.103881408017277,2.176883575099713,0.7343082793845027,0.0,0,0.0,1.0
2611606,Recife,2016,2,0,2271,1,1286,3558,3558,100.0,36.14390106801574,36.14390106801574,1286,80.375,80.375,5.25,84,1202,75.125,75.125,219.7681137392502,4,321.5,3696.083171632008,3696.083171632008,6292.488988860753,0.0,0,0,,,93.97638237476347,1,2.3888815855374745,1.6157554105755418,1.8307860430994245,0.0,0.0,0,0.0,1.0
2611606,Recife,2016,3,0,2743,1,814,3558,3558,100.0,22.878021360314783,22.878021360314783,814,50.875,50.875,5.125,82,732,45.75,45.75,219.7681137392502,4,203.5,3184.301153819568,3184.301153819568,6230.09176715498,0.00708333203125,0,6,00000000000000000620;0000000000000000054f;000000000000000006f8;000000000000000006aa;000000000000000005ff;000000000000000005d3,00000000000000000620;0000000000000000054f;000000000000000006f8;000000000000000006aa;000000000000000005ff;000000000000000005d3,286.7096443176269,7,2.332003452548487,1.3920281496030589,1.8126317065834077,1.468485468072953,0.0,0,0.0,1.0
2611606,Recife,2016,4,0,1931,1,1626,3558,3558,100.0,45.69983136593592,45.69983136593592,1626,101.625,101.625,8.25,132,1494,93.375,93.375,219.7681137392502,4,406.5,4606.154814278866,4606.154814278866,9029.855510984376,0.0113193457605698,0,4,00000000000000000620;0000000000000000028c;000000000000000006aa;000000000000000008b0,00000000000000000620;0000000000000000028c;000000000000000006aa;000000000000000008b0,323.0882759094238,5,3.7539567772731735,2.013596344433303,2.627216904150303,2.3466773383142776,0.0,1,0.0,1.0
2611606,Recife,2016,5,0,1568,1,1989,3558,3558,100.0,55.902192242833046,55.902192242833046,1989,124.3125,124.3125,11.5,184,1805,112.8125,112.8125,219.7681137392502,3,663.0,8269.43020384209,8269.43020384209,15505.930855486384,0.0254853555261948,0,8,00000000000000000620;0000000000000000054f;000000000000000006f8;00000000000000000075;000000000000000006aa;0000000000000000034b;000000000000000005ff;000000000000000005d3,00000000000000000620;0000000000000000054f;000000000000000006f8;00000000000000000075;000000000000000006aa;0000000000000000034b;000000000000000005ff;000000000000000005d3,486.374439239502,8,5.232788234986849,3.6150097207728527,4.5114169998140605,5.28351262848898,0.0,1,0.0,1.0
2611606,Recife,2016,6,0,1714,1,1843,3558,3558,100.0,51.79876335019674,51.79876335019674,1843,115.1875,115.1875,14.375,230,1613,100.8125,100.8125,219.7681137392502,4,460.75,8562.770868415639,8562.770868415639,14748.695785727095,0.0188746386804917,0,10,0000000000000000054f;0000000000000000028c;000000000000000006f8;00000000000000000016;00000000000000000075;000000000000000005c4;000000000000000008b0;0000000000000000034b;000000000000000005ff;000000000000000005d3,0000000000000000054f;0000000000000000028c;000000000000000006f8;00000000000000000016;00000000000000000075;000000000000000005c4;000000000000000008b0;0000000000000000034b;000000000000000005ff;000000000000000005d3,180.0415425300598,13,6.54098529373356,3.743244596428331,4.291101096279724,3.913007677057672,0.0,1,0.0,1.0
2611606,Recife,2016,7,0,1709,1,1848,3558,3558,100.0,51.93929173693086,51.93929173693086,1848,115.5,115.5,12.75,204,1644,102.75,102.75,219.7681137392502,4,462.0,7966.237611727558,7966.237611727558,13392.887066704105,0.0224166530847886,0,6,00000000000000000620;0000000000000000028c;00000000000000000016;000000000000000005c4;000000000000000006aa;0000000000000000034b,00000000000000000620;0000000000000000028c;00000000000000000016;000000000000000005c4;000000000000000006aa;0000000000000000034b,156.11524534225464,10,5.801569564876723,3.4824680412686084,3.896631485876925,4.647322637512398,0.0,1,0.0,1.0
2611606,Recife,2016,8,0,2813,1,744,3558,3558,100.0,20.9106239460371,20.9106239460371,744,46.5,46.5,5.1875,83,661,41.3125,41.3125,219.7681137392502,4,186.0,3762.263963178719,3762.263963178719,6769.388874388692,0.0106246276855468,0,4,0000000000000000028c;00000000000000000075;000000000000000005c4;0000000000000000034b,0000000000000000028c;00000000000000000075;000000000000000005c4;0000000000000000034b,70.31567144393921,6,2.3604425190429805,1.6446865701442683,1.969539031928784,2.202651420416028,0.0,0,0.0,1.0
2611606,Recife,2016,9,0,3268,1,289,3558,3558,100.0,8.122540753232153,8.122540753232153,289,18.0625,18.0625,2.75,44,245,15.3125,15.3125,219.7681137392502,4,72.25,876.5032695345653,876.5032695345653,1487.7176397189685,0.0,0,0,,,72.77128744125366,0,1.2513189257577246,0.3831664046435123,0.4328482251922742,0.0,0.0,0,0.0,1.0
2611606,Recife,2016,10,0,3197,1,360,3558,3558,100.0,10.11804384485666,10.11804384485666,360,22.5,22.5,2.5625,41,319,19.9375,19.9375,219.7681137392502,4,90.0,1829.6889649679192,1829.6889649679192,4059.458999578983,0.0070832778320312,0,1,000000000000000005ff,000000000000000005ff,32.86268997192383,2,1.1660017262742437,0.799854794261004,1.181090803991873,1.4684742317275774,0.0,0,0.0,1.0
2611606,Recife,2016,11,0,3414,1,143,3558,3558,100.0,4.0191118605958405,4.0191118605958405,143,8.9375,8.9375,0.9375,15,128,8.0,8.0,219.7681137392502,3,47.66666666666666,666.3081286488502,666.3081286488502,856.9148783364674,0.0,0,0,,,26.023305416107178,0,0.4265859974174061,0.2912788792843843,0.2493175279543365,0.0,0.0,0,0.0,1.0
2611606,Recife,2016,12,0,3192,1,365,3558,3558,100.0,10.25857223159078,10.25857223159078,365,22.8125,22.8125,2.0,32,333,20.8125,20.8125,219.7681137392502,4,91.25,2137.6322424720606,2137.6322424720606,2997.05445733789,0.0,0,5,00000000000000000620;0000000000000000054f;000000000000000006f8;000000000000000006aa;000000000000000005d3,00000000000000000620;0000000000000000054f;000000000000000006f8;000000000000000006aa;000000000000000005d3,71.24849700927734,5,0.9100501278237996,0.9344732521454308,0.8719865033719412,0.0,0.0,0,0.0,1.0
2611606,Recife,2017,1,0,3180,1,377,3558,3558,100.0,10.59584035975267,10.59584035975267,377,23.5625,23.5625,2.25,36,341,21.3125,21.3125,219.7681137392502,4,94.25,749.1744802383213,749.1744802383213,1623.7894829419308,0.0,0,0,,,39.1159143447876,0,1.0238063938017747,0.3275041885422988,0.4724380332749603,0.0,0.0,0,0.0,1.0
2611606,Recife,2017,2,0,3239,1,318,3558,3558,100.0,8.937605396290051,8.937605396290051,318,19.875,19.875,2.25,36,282,17.625,17.625,219.7681137392502,4,79.5,1141.0412944394948,1141.0412944394948,3060.313072116902,0.003069334765625,0,0,,,29.86486339569092,0,1.0238063938017747,0.4988101077732707,0.8903914603370203,0.636321081672634,0.0,0,0.0,1.0
2611606,Recife,2017,3,0,2673,1,884,3558,3558,100.0,24.845418774592467,24.845418774592467,884,55.25,55.25,4.0,64,820,51.25,51.25,219.7681137392502,4,221.0,2855.5840764783466,2855.5840764783466,4433.406188225301,0.0136945212890624,0,5,00000000000000000620;00000000000000000075;000000000000000005c4;000000000000000006aa;000000000000000005ff,00000000000000000620;00000000000000000075;000000000000000005c4;000000000000000006aa;000000000000000005ff,172.94179344177246,5,1.8201002556475996,1.2483283540088652,1.2898899286374443,2.839088357920038,0.0,0,0.0,1.0
2611606,Recife,2017,4,0,2604,1,953,3558,3558,100.0,26.78471051152333,26.78471051152333,953,59.5625,59.5625,5.0,80,873,54.5625,54.5625,219.7681137392502,3,317.6666666666667,3867.560414456649,3867.560414456649,6491.797168378379,0.0070834055175781,0,1,0000000000000000028c,0000000000000000028c,302.75083923339844,2,2.2751253195595,1.6907172742616754,1.8887743262704195,1.4685007029376296,0.0,0,0.0,1.0
2611606,Recife,2017,5,0,1473,1,2084,3558,3558,100.0,58.57223159078134,58.57223159078134,2084,130.25,130.25,15.4375,247,1837,114.8125,114.8125,219.7681137392502,4,521.0,9148.968492724567,9148.968492724567,18625.08299230636,0.0290273377039292,0,8,00000000000000000620;0000000000000000054f;000000000000000006f8;00000000000000000016;00000000000000000075;000000000000000006aa;0000000000000000034b;000000000000000005d3,00000000000000000620;0000000000000000054f;000000000000000006f8;00000000000000000016;00000000000000000075;000000000000000006aa;0000000000000000034b;000000000000000005d3,405.1116561889648,13,7.024449424139954,3.999502894513508,5.418927558593383,6.017820907873483,0.0,1,0.0,1.0
2611606,Recife,2017,6,0,1359,1,2198,3558,3558,100.0,61.77627880831928,61.77627880831928,2198,137.375,137.375,14.8125,237,1961,122.5625,122.5625,219.7681137392502,4,549.5,10180.302068388708,10180.302068388708,17098.879198402698,0.0172359446289062,0,8,00000000000000000620;0000000000000000054f;0000000000000000028c;000000000000000006f8;00000000000000000075;000000000000000005c4;000000000000000006aa;000000000000000005d3,00000000000000000620;0000000000000000054f;0000000000000000028c;000000000000000006f8;00000000000000000075;000000000000000005c4;000000000000000006aa;000000000000000005d3,188.97448444366452,10,6.7400587591950165,4.450353897482621,4.974881870194,3.573280781473164,0.0,1,0.0,1.0
2611606,Recife,2017,7,0,1479,1,2078,3558,3558,100.0,58.40359752670039,58.40359752670039,2078,129.875,129.875,11.5,184,1894,118.375,118.375,219.7681137392502,4,519.5,6221.619795221693,6221.619795221693,11604.00599003536,0.0254859878504136,0,5,00000000000000000620;00000000000000000016;00000000000000000075;000000000000000006aa;000000000000000005ff,00000000000000000620;00000000000000000016;00000000000000000075;000000000000000006aa;000000000000000005ff,491.04636001586914,9,5.232788234986849,2.7198023907656297,3.376160410960868,5.283643719185033,0.0,1,0.0,1.0
2611606,Recife,2017,8,0,2551,1,1006,3558,3558,100.0,28.274311410905,28.274311410905,1006,62.875,62.875,7.6875,123,883,55.1875,55.1875,219.7681137392502,4,251.5,4655.001871110787,4655.001871110787,8266.414298014332,0.0153333752527573,0,3,0000000000000000028c;000000000000000008b0;000000000000000005ff,0000000000000000028c;000000000000000008b0;000000000000000005ff,111.75295972824097,4,3.49800517882273,2.03495000253619,2.4050953366899988,3.178848405784821,0.0,0,0.0,1.0
2611606,Recife,2017,9,0,2499,1,1058,3558,3558,100.0,29.735806632939852,29.735806632939852,1058,66.125,66.125,4.75,76,982,61.375,61.375,219.7681137392502,4,264.5,3824.0435329261354,3824.0435329261354,6303.648790441598,0.0035413498535156,0,3,00000000000000000075;000000000000000008b0;000000000000000005ff,00000000000000000075;000000000000000008b0;000000000000000005ff,96.75793647766112,3,2.1613690535815246,1.6716937205375697,1.834032963199585,0.7341771886884505,0.0,0,0.0,1.0
2611606,Recife,2017,10,0,3334,1,223,3558,3558,100.0,6.267566048341765,6.267566048341765,223,13.9375,13.9375,1.5,24,199,12.4375,12.4375,219.7681137392502,3,74.33333333333333,482.67588997167695,482.67588997167695,1548.6786410214434,0.003069334765625,0,1,000000000000000008b0,000000000000000008b0,72.58055210113525,1,0.6825375958678498,0.2110034175534374,0.4505846964925035,0.636321081672634,0.0,0,0.0,1.0
2611606,Recife,2017,11,0,3242,1,315,3558,3558,100.0,8.853288364249579,8.853288364249579,315,19.6875,19.6875,2.0,32,283,17.6875,17.6875,219.7681137392502,4,78.75,1095.8867625803048,1095.8867625803048,2195.545990844824,0.0035418544921875,0,2,000000000000000008b0;0000000000000000034b,000000000000000008b0;0000000000000000034b,25.38133430480957,2,0.9100501278237996,0.4790706496021286,0.6387893509447904,0.7342818081744504,0.0,0,0.0,1.0
2611606,Recife,2017,12,0,3207,1,350,3558,3558,100.0,9.83698707138842,9.83698707138842,350,21.875,21.875,3.1875,51,299,18.6875,18.6875,219.7681137392502,4,87.5,1846.479366913012,1846.479366913012,2397.712787624804,0.0082500109949448,0,0,,,37.94515514373779,0,1.4503923912191807,0.8071947759466821,0.6976093426171024,1.710356256641644,0.0,0,0.0,1.0
2611606,Recife,2018,1,0,2886,1,671,3558,3558,100.0,18.858909499718944,18.858909499718944,671,41.9375,41.9375,4.25,68,603,37.6875,37.6875,219.7681137392502,4,167.75,1430.7141555071462,1430.7141555071462,3502.4528934719187,0.0035419821777343,0,1,0000000000000000034b,0000000000000000034b,181.46815299987796,2,1.9338565216255743,0.6254415905708537,1.0190310837782668,0.7343082793845027,0.0,0,0.0,1.0
2611606,Recife,2018,2,0,2626,1,931,3558,3558,100.0,26.1663856098932,26.1663856098932,931,58.1875,58.1875,6.0,96,835,52.1875,52.1875,219.7681137392502,4,232.75,3557.69988578176,3557.69988578176,6288.295267620172,0.0101521401855468,0,0,,,131.75567626953125,0,2.730150383471399,1.5552606834649958,1.829565888987197,2.1046973749844358,0.0,0,0.0,1.0
2611606,Recife,2018,3,0,2543,1,1014,3558,3558,100.0,28.499156829679595,28.499156829679595,1014,63.375,63.375,5.0625,81,933,58.3125,58.3125,219.7681137392502,4,253.5,2410.791612166137,2410.791612166137,3804.3804571003534,0.0,0,4,00000000000000000620;0000000000000000028c;000000000000000006aa;0000000000000000034b,00000000000000000620;0000000000000000028c;000000000000000006aa;0000000000000000034b,135.25768280029297,5,2.3035643860539934,1.05388580566157,1.1068762545042676,0.0,0.0,0,0.0,1.0
2611606,Recife,2018,4,0,2104,1,1453,3558,3558,100.0,40.83754918493536,40.83754918493536,1453,90.8125,90.8125,10.4375,167,1286,80.375,80.375,219.7681137392502,3,484.3333333333333,7397.487845749253,7397.487845749253,15440.09407798508,0.0224160207605698,0,5,0000000000000000054f;0000000000000000028c;000000000000000006f8;0000000000000000034b;000000000000000005d3,0000000000000000054f;0000000000000000028c;000000000000000006f8;0000000000000000034b;000000000000000005d3,535.1463289260864,6,4.749324104580454,3.2338371341785903,4.492261931988689,4.647191546816346,0.0,0,0.0,1.0
2611606,Recife,2018,5,0,1338,1,2219,3558,3558,100.0,62.36649803260259,62.36649803260259,2219,138.6875,138.6875,15.3125,245,1974,123.375,123.375,219.7681137392502,4,554.75,8371.056040883,8371.056040883,16072.630968708138,0.0188747251062729,0,9,00000000000000000620;0000000000000000054f;000000000000000006f8;00000000000000000016;000000000000000005c4;000000000000000006aa;0000000000000000034b;000000000000000005ff;000000000000000005d3,00000000000000000620;0000000000000000054f;000000000000000006f8;00000000000000000016;000000000000000005c4;000000000000000006aa;0000000000000000034b;000000000000000005ff;000000000000000005d3,237.88892364501956,13,6.967571291150968,3.659435803311632,4.676297170402503,3.9130255944732713,0.0,1,0.0,1.0
2611606,Recife,2018,6,0,1725,1,1832,3558,3558,100.0,51.48960089938167,51.48960089938167,1832,114.5,114.5,13.0625,209,1623,101.4375,101.4375,219.7681137392502,4,458.0,9221.11221465144,9221.11221465144,14450.12515008548,0.0188746709070542,0,5,00000000000000000620;0000000000000000028c;00000000000000000016;000000000000000006aa;000000000000000008b0,00000000000000000620;0000000000000000028c;00000000000000000016;000000000000000006aa;000000000000000008b0,163.4658522605896,7,5.943764897349192,4.031040769509684,4.204232616481088,3.9130143581278953,0.0,1,0.0,1.0
2611606,Recife,2018,7,0,2210,1,1347,3558,3558,100.0,37.85834738617201,37.85834738617201,1347,84.1875,84.1875,8.9375,143,1204,75.25,75.25,219.7681137392502,4,336.75,3001.564118168392,3001.564118168392,6924.365972190493,0.0066111892578124,0,0,,,142.7077465057373,2,4.066786508712605,1.3121440289393045,2.0146292828863723,1.3706028898470843,0.0,0,0.0,1.0
2611606,Recife,2018,8,0,2308,1,1249,3558,3558,100.0,35.10399100618325,35.10399100618325,1249,78.0625,78.0625,7.1875,115,1134,70.875,70.875,219.7681137392502,4,312.25,3954.654788341416,3954.654788341416,6948.450981803576,0.0070833642578125,0,4,0000000000000000054f;000000000000000006f8;000000000000000008b0;000000000000000005d3,0000000000000000054f;000000000000000006f8;000000000000000008b0;000000000000000005d3,108.50294494628906,4,3.27049264686678,1.7287908779389607,2.021636764270226,1.4684921491431768,0.0,0,0.0,1.0
2611606,Recife,2018,9,0,3043,1,514,3558,3558,100.0,14.446318156267566,14.446318156267566,514,32.125,32.125,3.5,56,458,28.625,28.625,219.7681137392502,4,128.5,4836.881262228112,4836.881262228112,6337.860896384468,0.0035413820800781,0,5,0000000000000000054f;0000000000000000028c;000000000000000006f8;000000000000000008b0;000000000000000005d3,0000000000000000054f;0000000000000000028c;000000000000000006f8;000000000000000008b0;000000000000000005d3,70.99450874328613,6,1.5925877236916497,2.1144592009561607,1.8439869013274268,0.7341838697586741,0.0,0,0.0,1.0
2611606,Recife,2018,10,0,3377,1,180,3558,3558,100.0,5.059021922428331,5.059021922428331,180,11.25,11.25,1.875,30,150,9.375,9.375,219.7681137392502,3,60.0,1384.5028015193986,1384.5028015193986,2320.870010298302,0.0066107581054687,0,0,,,39.51189994812012,0,0.8531719948348122,0.6052401389885952,0.6752521029792741,1.370513505225761,0.0,0,0.0,1.0
2611606,Recife,2018,11,0,3253,1,304,3558,3558,100.0,8.544125913434513,8.544125913434513,304,19.0,19.0,2.875,46,258,16.125,16.125,219.7681137392502,4,76.0,218.9311438071012,218.9311438071012,1581.930833720468,0.003069334765625,0,0,,,41.90791177749634,1,1.3081970587467122,0.0957064989405046,0.4602593499410189,0.636321081672634,0.0,0,0.0,1.0
2611606,Recife,2018,12,0,2539,1,1018,3558,3558,100.0,28.611579539066888,28.611579539066888,1018,63.625,63.625,6.0625,97,921,57.5625,57.5625,219.7681137392502,4,254.5,2765.492387419705,2765.492387419705,4842.671595767917,0.0106247875976562,0,3,000000000000000005c4;0000000000000000034b;000000000000000005ff,000000000000000005c4;0000000000000000034b;000000000000000005ff,70.17345939576626,3,2.7585894499658927,1.2089444637431832,1.408964812579049,2.202684572696304,0.0,0,0.0,1.0
2611606,Recife,2019,1,0,2411,1,1146,3558,3558,100.0,32.209106239460375,32.209106239460375,1146,71.625,71.625,6.8125,109,1037,64.8125,64.8125,219.7681137392502,4,286.5,3615.495644200162,3615.495644200162,9657.63710408125,0.0136941223632812,0,5,0000000000000000054f;000000000000000006f8;00000000000000000075;000000000000000005c4;000000000000000005d3,0000000000000000054f;000000000000000006f8;00000000000000000075;000000000000000005c4;000000000000000005d3,156.8849287033081,7,3.099858247899818,1.5805262970987974,2.809868599018753,2.839005654368937,0.0,0,0.0,1.0
2611606,Recife,2019,2,0,2433,1,1124,3558,3558,100.0,31.590781337830244,31.590781337830244,1124,70.25,70.25,5.75,92,1032,64.5,64.5,219.7681137392502,4,281.0,2455.630379517172,2455.630379517172,8520.458305755197,0.0035414233398437,0,5,0000000000000000054f;000000000000000006f8;000000000000000008b0;000000000000000005ff;000000000000000005d3,0000000000000000054f;000000000000000006f8;000000000000000008b0;000000000000000005ff;000000000000000005d3,159.248943567276,6,2.6163941174934244,1.0734872262970754,2.479008890536237,0.7341924235531269,0.0,0,0.0,1.0
2611606,Recife,2019,3,0,2130,1,1427,3558,3558,100.0,40.106801573917934,40.106801573917934,1427,89.1875,89.1875,8.0,128,1299,81.1875,81.1875,219.7681137392502,4,356.75,4009.5380010750055,4009.5380010750055,7696.49652336307,0.0153333752527573,0,3,00000000000000000620;000000000000000006aa;000000000000000005ff,00000000000000000620;000000000000000006aa;000000000000000005ff,239.336519241333,4,3.640200511295199,1.752783262256684,2.2392789944774214,3.178848405784821,0.0,0,0.0,1.0
2611606,Recife,2019,4,0,1827,1,1730,3558,3558,100.0,48.622821810005625,48.622821810005625,1730,108.125,108.125,11.5625,185,1545,96.5625,96.5625,219.7681137392502,3,576.6666666666666,6079.340522776117,6079.340522776117,13404.600262009497,0.0153327429285386,0,6,0000000000000000028c;00000000000000000016;00000000000000000075;000000000000000005c4;0000000000000000034b;000000000000000005ff,0000000000000000028c;00000000000000000016;00000000000000000075;000000000000000005c4;0000000000000000034b;000000000000000005ff,332.5514154434204,8,5.261227301481342,2.657604519778548,3.9000394146827073,3.1787173150887686,0.0,1,0.0,1.0
2611606,Recife,2019,5,0,1712,1,1845,3558,3558,100.0,51.85497470489039,51.85497470489039,1845,115.3125,115.3125,12.0625,193,1652,103.25,103.25,219.7681137392502,4,461.25,7634.099453235678,7634.099453235678,16189.959327372748,0.0224160207605698,0,4,0000000000000000028c;00000000000000000016;00000000000000000075;0000000000000000034b,0000000000000000028c;00000000000000000016;00000000000000000075;0000000000000000034b,267.5198059082031,5,5.488739833437292,3.3372727083386704,4.710433602247386,4.647191546816346,0.0,1,0.0,1.0
2611606,Recife,2019,6,0,1916,1,1641,3558,3558,100.0,46.12141652613828,46.12141652613828,1641,102.5625,102.5625,13.25,212,1429,89.3125,89.3125,219.7681137392502,4,410.25,7406.904186426174,7406.904186426174,13774.941474152736,0.0148607691004136,0,6,0000000000000000054f;0000000000000000028c;000000000000000006f8;00000000000000000075;000000000000000005ff;000000000000000005d3,0000000000000000054f;0000000000000000028c;000000000000000006f8;00000000000000000075;000000000000000005ff;000000000000000005d3,277.0292015075684,9,6.029082096832673,3.237953519738669,4.007789388274496,3.080869761867405,0.0,1,0.0,1.0
2611606,Recife,2019,7,0,1423,1,2134,3558,3558,100.0,59.97751545812255,59.97751545812255,2134,133.375,133.375,13.875,222,1912,119.5,119.5,219.7681137392502,4,533.5,10117.939624234754,10117.939624234754,17460.30857837937,0.0188752297449448,0,10,00000000000000000620;0000000000000000054f;0000000000000000028c;000000000000000006f8;00000000000000000016;00000000000000000075;000000000000000006aa;0000000000000000034b;000000000000000005ff;000000000000000005d3,00000000000000000620;0000000000000000054f;0000000000000000028c;000000000000000006f8;00000000000000000016;00000000000000000075;000000000000000006aa;0000000000000000034b;000000000000000005ff;000000000000000005d3,274.4641890525818,13,6.313472761777611,4.423091941547259,5.080038965518082,3.913130213959272,0.0,1,0.0,1.0
2611606,Recife,2019,8,0,2491,1,1066,3558,3558,100.0,29.960652051714447,29.960652051714447,1066,66.625,66.625,6.9375,111,955,59.6875,59.6875,219.7681137392502,4,266.5,4545.398491492648,4545.398491492648,7818.738604670482,0.003069334765625,0,2,000000000000000008b0;000000000000000005ff,000000000000000008b0;000000000000000005ff,122.47721147537231,6,3.1567363808888054,1.9870365099517748,2.2748450632831383,0.636321081672634,0.0,0,0.0,1.0
2611606,Recife,2019,9,0,2568,1,989,3558,3558,100.0,27.796514896008997,27.796514896008997,989,61.8125,61.8125,4.875,78,911,56.9375,56.9375,219.7681137392502,4,247.25,2695.400385949571,2695.400385949571,4068.793333113381,0.0035418544921875,0,3,00000000000000000620;000000000000000006aa;0000000000000000034b,00000000000000000620;000000000000000006aa;0000000000000000034b,119.85607194900513,4,2.218247186570512,1.1783035053679332,1.1838066081174998,0.7342818081744504,0.0,0,0.0,1.0
2611606,Recife,2019,10,0,2380,1,1177,3558,3558,100.0,33.08038223721192,33.08038223721192,1177,73.5625,73.5625,5.5,88,1089,68.0625,68.0625,219.7681137392502,3,392.3333333333333,2927.104906751986,2927.104906751986,6816.651356264268,0.0188752710047104,0,2,000000000000000005c4;000000000000000005ff,000000000000000005c4;000000000000000005ff,70.03682231903076,4,2.5026378515154493,1.2795939297866048,1.9832899486698727,3.913138767753724,0.0,0,0.0,1.0
2611606,Recife,2019,11,0,2816,1,741,3558,3558,100.0,20.82630691399663,20.82630691399663,741,46.3125,46.3125,3.0625,49,692,43.25,43.25,219.7681137392502,4,185.25,2136.8159018022006,2136.8159018022006,3758.156958305889,0.0035414233398437,0,0,,,16.02731943130493,0,1.3935142582301934,0.9341163860271782,1.093427627640409,0.7341924235531269,0.0,0,0.0,1.0
2611606,Recife,2019,12,0,3252,1,305,3558,3558,100.0,8.572231590781337,8.572231590781337,305,19.0625,19.0625,1.5625,25,280,17.5,17.5,219.7681137392502,4,76.25,918.8926058507432,918.8926058507432,3374.7062761618818,0.0070828054199218,0,0,,,29.575220108032227,0,0.7109766623623435,0.4016970481174602,0.9818634821442558,1.468376293311801,0.0,0,0.0,1.0
2611606,Recife,2020,1,0,3257,1,300,3558,3558,100.0,8.431703204047219,8.431703204047219,300,18.75,18.75,2.8125,45,255,15.9375,15.9375,219.7681137392502,4,75.0,2444.8359300528305,2444.8359300528305,4260.701668861062,0.0070828054199218,0,1,0000000000000000028c,0000000000000000028c,84.57021713256836,1,1.2797579922522184,1.0687683957631584,1.239641922770137,1.468376293311801,0.0,0,0.0,1.0
2611606,Recife,2020,2,0,2568,1,989,3558,3558,100.0,27.796514896008997,27.796514896008997,989,61.8125,61.8125,5.125,82,907,56.6875,56.6875,219.7681137392502,4,247.25,3686.520222093589,3686.520222093589,5195.449820595295,0.0035418544921875,0,1,000000000000000008b0,000000000000000008b0,85.47281312942505,1,2.332003452548487,1.611574934449801,1.5116048730490297,0.7342818081744504,0.0,0,0.0,1.0
2611606,Recife,2020,3,0,2340,1,1217,3558,3558,100.0,34.20460933108488,34.20460933108488,1217,76.0625,76.0625,7.3125,117,1100,68.75,68.75,219.7681137392502,4,304.25,4149.953024890331,4149.953024890331,9191.247914368158,0.0188741662683823,0,3,00000000000000000620;000000000000000005c4;000000000000000006aa,00000000000000000620;000000000000000005c4;000000000000000006aa,225.49505138397217,4,3.327370779855768,1.8141661705735248,2.674173674372764,3.912909738641895,0.0,0,0.0,1.0
2611606,Recife,2020,4,0,2225,1,1332,3558,3558,100.0,37.436762225969645,37.436762225969645,1332,83.25,83.25,7.5,120,1212,75.75,75.75,219.7681137392502,4,333.0,7681.418572444431,7681.418572444431,11541.19706981218,0.0066106846191406,0,2,00000000000000000016;000000000000000005c4,00000000000000000016;000000000000000005c4,283.20613288879395,2,3.412687979339249,3.3579584232792934,3.357886291652864,1.3704982703610846,0.0,0,0.0,1.0
2611606,Recife,2020,5,0,2169,1,1388,3558,3558,100.0,39.01068015739179,39.01068015739179,1388,86.75,86.75,8.5625,137,1251,78.1875,78.1875,219.7681137392502,3,462.6666666666667,3924.7796825921473,3924.7796825921473,9642.64223495394,0.0184026777918198,0,4,00000000000000000620;00000000000000000016;000000000000000006aa;0000000000000000034b,00000000000000000620;00000000000000000016;000000000000000006aa;0000000000000000034b,245.85176849365237,7,3.896152109745642,1.715730873194916,2.8055058743219004,3.815162806387231,0.0,0,0.0,1.0
2611606,Recife,2020,6,0,2293,1,1264,3558,3558,100.0,35.525576166385605,35.525576166385605,1264,79.0,79.0,11.1875,179,1085,67.8125,67.8125,219.7681137392502,4,316.0,6352.026403729782,6352.026403729782,10230.702252934692,0.0219445322840073,0,7,00000000000000000620;0000000000000000054f;000000000000000006f8;000000000000000006aa;000000000000000008b0;000000000000000005ff;000000000000000005d3,00000000000000000620;0000000000000000054f;000000000000000006f8;000000000000000006aa;000000000000000008b0;000000000000000005ff;000000000000000005d3,326.4318103790283,11,5.09059290251438,2.7768100860710123,2.976600662938905,4.549444614561682,0.0,0,0.0,1.0
2611606,Recife,2020,7,0,1922,1,1635,3558,3558,100.0,45.952782462057336,45.952782462057336,1635,102.1875,102.1875,11.1875,179,1456,91.0,91.0,219.7681137392502,4,408.75,5109.652504932219,5109.652504932219,9220.6360118641,0.0219445645105698,0,5,0000000000000000054f;000000000000000006f8;00000000000000000016;000000000000000005ff;000000000000000005d3,0000000000000000054f;000000000000000006f8;00000000000000000016;000000000000000005ff;000000000000000005d3,214.65948295593265,8,5.09059290251438,2.233702083430034,2.682724077690761,4.549451295631905,0.0,1,0.0,1.0
2611606,Recife,2020,8,0,2623,1,934,3558,3558,100.0,26.25070264193367,26.25070264193367,934,58.375,58.375,8.8125,141,793,49.5625,49.5625,219.7681137392502,4,233.5,4327.856056293777,4327.856056293777,6827.073877608184,0.0101521079589843,0,2,0000000000000000028c;0000000000000000034b,0000000000000000028c;0000000000000000034b,109.31538224220276,4,4.009908375723618,1.89193708973306,1.9863223586818937,2.104690693914212,0.0,0,0.0,1.0
2611606,Recife,2020,9,0,3119,1,438,3558,3558,100.0,12.310286677908936,12.310286677908936,438,27.375,27.375,3.6875,59,379,23.6875,23.6875,219.7681137392502,4,109.5,2765.7503818913124,2765.7503818913124,4086.953530064097,0.0035419821777343,0,0,,,87.20276308059692,1,1.6779049231751306,1.2090572469095895,1.1890902780891384,0.7343082793845027,0.0,0,0.0,1.0
2611606,Recife,2020,10,0,3328,1,229,3558,3558,100.0,6.436200112422709,6.436200112422709,229,14.3125,14.3125,1.875,30,199,12.4375,12.4375,219.7681137392502,4,57.25,572.5445281662339,572.5445281662339,2530.1530463008785,0.0,0,4,0000000000000000054f;000000000000000006f8;0000000000000000034b;000000000000000005d3,0000000000000000054f;000000000000000006f8;0000000000000000034b;000000000000000005d3,22.263529777526852,4,0.8531719948348122,0.2502898003703575,0.736142549041121,0.0,0.0,0,0.0,1.0
2611606,Recife,2020,11,0,3272,1,285,3558,3558,100.0,8.010118043844857,8.010118043844857,285,17.8125,17.8125,2.0625,33,252,15.75,15.75,219.7681137392502,3,95.0,1073.727624611805,1073.727624611805,1907.796898946127,0.0,0,0,,,52.44804763793945,0,0.9384891943182934,0.469383706586048,0.5550693758609649,0.0,0.0,0,0.0,1.0
2611606,Recife,2020,12,0,3109,1,448,3558,3558,100.0,12.59134345137718,12.59134345137718,448,28.0,28.0,2.8125,45,403,25.1875,25.1875,219.7681137392502,4,112.0,1290.5176667064356,1290.5176667064356,2596.503939150368,0.010152666796875,0,0,,,56.31095314025879,1,1.2797579922522184,0.564154215583721,0.7554471976135808,2.1048065497455872,0.0,0,0.0,1.0
2611606,Recife,2021,1,0,2866,1,691,3558,3558,100.0,19.421023046655424,19.421023046655424,691,43.1875,43.1875,4.0625,65,626,39.125,39.125,219.7681137392502,4,172.75,3272.663116395006,3272.663116395006,5732.750444343967,0.003069334765625,0,5,0000000000000000054f;000000000000000006f8;00000000000000000075;000000000000000008b0;000000000000000005d3,0000000000000000054f;000000000000000006f8;00000000000000000075;000000000000000008b0;000000000000000005d3,44.10529899597168,5,1.8485393221420932,1.4306558840155656,1.6679313258483974,0.636321081672634,0.0,0,0.0,1.0
2611606,Recife,2021,2,0,2888,1,669,3558,3558,100.0,18.802698145025296,18.802698145025296,669,41.8125,41.8125,3.5625,57,612,38.25,38.25,219.7681137392502,4,167.25,3267.0855459129966,3267.0855459129966,5020.451857954184,0.0188747251062729,0,1,00000000000000000016,00000000000000000016,43.1611328125,1,1.6210267901861433,1.4282176299867215,1.4606895948274323,3.9130255944732713,0.0,0,0.0,1.0
2611606,Recife,2021,3,0,2399,1,1158,3558,3558,100.0,32.54637436762226,32.54637436762226,1158,72.375,72.375,7.3125,117,1041,65.0625,65.0625,219.7681137392502,4,289.5,3366.6864697792003,3366.6864697792003,5872.17672652598,0.003069334765625,0,4,00000000000000000620;000000000000000005c4;000000000000000006aa;000000000000000008b0,00000000000000000620;000000000000000005c4;000000000000000006aa;000000000000000008b0,146.3383560180664,6,3.327370779855768,1.4717585147996797,1.7084971006812093,0.636321081672634,0.0,0,0.0,1.0
2611606,Recife,2021,4,0,2117,1,1440,3558,3558,100.0,40.472175379426645,40.472175379426645,1440,90.0,90.0,9.6875,155,1285,80.3125,80.3125,219.7681137392502,3,480.0,5850.208038696763,5850.208038696763,12285.866685121851,0.0106247553710937,0,6,00000000000000000620;0000000000000000028c;00000000000000000016;00000000000000000075;000000000000000006aa;000000000000000005ff,00000000000000000620;0000000000000000028c;00000000000000000016;00000000000000000075;000000000000000006aa;000000000000000005ff,310.2696132659912,9,4.40805530664653,2.557438470017725,3.574546303429221,2.2026778916260805,0.0,0,0.0,1.0
2611606,Recife,2021,5,0,2075,1,1482,3558,3558,100.0,41.65261382799326,41.65261382799326,1482,92.625,92.625,11.0625,177,1305,81.5625,81.5625,219.7681137392502,4,370.5,5388.476318175364,5388.476318175364,10593.630168916943,0.0148607278406479,0,4,0000000000000000054f;0000000000000000028c;000000000000000006f8;000000000000000005d3,0000000000000000054f;0000000000000000028c;000000000000000006f8;000000000000000005d3,430.81649017333984,6,5.0337147695253925,2.3555908678336577,3.0821937540682955,3.080861208072952,0.0,1,0.0,1.0
2611606,Recife,2021,6,0,1915,1,1642,3558,3558,100.0,46.14952220348511,46.14952220348511,1642,102.625,102.625,11.75,188,1454,90.875,90.875,219.7681137392502,4,410.5,10497.817305896984,10497.817305896984,16807.042499056923,0.0153332153406479,0,5,0000000000000000054f;0000000000000000028c;000000000000000006f8;000000000000000005c4;000000000000000005d3,0000000000000000054f;0000000000000000028c;000000000000000006f8;000000000000000005c4;000000000000000005d3,173.55230855941772,7,5.346544500964823,4.589156770448721,4.8899726145763465,3.178815253504545,0.0,1,0.0,1.0
2611606,Recife,2021,7,0,1645,1,1912,3558,3558,100.0,53.7380550871276,53.7380550871276,1912,119.5,119.5,13.25,212,1700,106.25,106.25,219.7681137392502,4,478.0,9153.30801178602,9153.30801178602,15170.043886879765,0.0117913608484604,0,11,00000000000000000620;0000000000000000054f;0000000000000000028c;000000000000000006f8;00000000000000000016;00000000000000000075;000000000000000005c4;000000000000000006aa;000000000000000008b0;000000000000000005ff;000000000000000005d3,00000000000000000620;0000000000000000054f;0000000000000000028c;000000000000000006f8;00000000000000000016;00000000000000000075;000000000000000005c4;000000000000000006aa;000000000000000008b0;000000000000000005ff;000000000000000005d3,217.45574951171875,15,6.029082096832673,4.00139993012587,4.413691413758596,2.4445334453300944,0.0,1,0.0,1.0
2611606,Recife,2021,8,0,2331,1,1226,3558,3558,100.0,34.457560427206296,34.457560427206296,1226,76.625,76.625,9.875,158,1068,66.75,66.75,219.7681137392502,4,306.5,6224.394826411806,6224.394826411806,11854.03347697596,0.0035418544921875,0,8,0000000000000000054f;0000000000000000028c;000000000000000006f8;00000000000000000075;000000000000000005c4;0000000000000000034b;000000000000000005ff;000000000000000005d3,0000000000000000054f;0000000000000000028c;000000000000000006f8;00000000000000000075;000000000000000005c4;0000000000000000034b;000000000000000005ff;000000000000000005d3,251.46827697753903,10,4.493372506130012,2.7210155051496225,3.44890536677921,0.7342818081744504,0.0,0,0.0,1.0
2611606,Recife,2021,9,0,2461,1,1096,3558,3558,100.0,30.803822372119168,30.803822372119168,1096,68.5,68.5,5.8125,93,1003,62.6875,62.6875,219.7681137392502,4,274.0,1717.2986055068016,1717.2986055068016,4213.011149131693,0.0035413498535156,0,0,,,45.767998933792114,2,2.644833183987918,0.7507229638980938,1.2257664693425268,0.7341771886884505,0.0,0,0.0,1.0
2611606,Recife,2021,10,0,3203,1,354,3558,3558,100.0,9.949409780775715,9.949409780775715,354,22.125,22.125,1.1875,19,335,20.9375,20.9375,219.7681137392502,3,118.0,1038.6858831197608,1038.6858831197608,941.1430860304994,0.0035418544921875,0,0,,,37.01462125778198,0,0.5403422633953812,0.4540650893410903,0.2738235425623068,0.7342818081744504,0.0,0,0.0,1.0
2611606,Recife,2021,11,0,3041,1,516,3558,3558,100.0,14.502529510961216,14.502529510961216,516,32.25,32.25,2.5625,41,475,29.6875,29.6875,219.7681137392502,4,129.0,2094.8164242392004,2094.8164242392004,3094.1388636012693,0.0035413498535156,0,0,,,23.61507368087769,0,1.1660017262742437,0.9157561706417112,0.9002330011098368,0.7341771886884505,0.0,0,0.0,1.0
2611606,Recife,2021,12,0,2475,1,1082,3558,3558,100.0,30.41034288926363,30.41034288926363,1082,67.625,67.625,6.0,96,986,61.625,61.625,219.7681137392502,4,270.5,5850.756843546603,5850.756843546603,8304.472164883276,0.0106252600097656,0,5,00000000000000000620;0000000000000000028c;00000000000000000075;000000000000000005c4;000000000000000006aa,00000000000000000620;0000000000000000028c;00000000000000000075;000000000000000005c4;000000000000000006aa,83.60411834716797,5,2.730150383471399,2.557678381936452,2.416168190630172,2.20278251111208,0.0,0,0.0,1.0
2611606,Recife,2022,1,0,2484,1,1073,3558,3558,100.0,30.157391793142214,30.157391793142214,1073,67.0625,67.0625,6.1875,99,974,60.875,60.875,219.7681137392502,4,268.25,3624.288747243355,3624.288747243355,5900.724185213701,0.0035418544921875,0,5,00000000000000000620;00000000000000000075;000000000000000006aa;000000000000000008b0;000000000000000005ff,00000000000000000620;00000000000000000075;000000000000000006aa;000000000000000008b0;000000000000000005ff,147.39233922958374,6,2.8154675829548803,1.5843702321938815,1.7168029219586018,0.7342818081744504,0.0,0,0.0,1.0
2611606,Recife,2022,2,0,2343,1,1214,3558,3558,100.0,34.12029229904441,34.12029229904441,1214,75.875,75.875,4.75,76,1138,71.125,71.125,219.7681137392502,4,303.5,2827.205989188153,2827.205989188153,4398.18814270306,0.0066107168457031,0,3,0000000000000000028c;000000000000000008b0;000000000000000005ff,0000000000000000028c;000000000000000008b0;000000000000000005ff,63.97569990158081,3,2.1613690535815246,1.2359227760086633,1.2796433145676385,1.370504951431308,0.0,0,0.0,1.0
2611606,Recife,2022,3,0,2753,1,804,3558,3558,100.0,22.596964586846543,22.596964586846543,804,50.25,50.25,6.3125,101,703,43.9375,43.9375,219.7681137392502,4,201.0,4529.103711114634,4529.103711114634,6449.442155648526,0.0035413498535156,0,4,0000000000000000028c;00000000000000000075;000000000000000005c4;000000000000000008b0,0000000000000000028c;00000000000000000075;000000000000000005c4;000000000000000008b0,304.3127040863037,5,2.872345715943868,1.9799131909307124,1.876451227048731,0.7341771886884505,0.0,0,0.0,1.0
2611606,Recife,2022,4,0,2378,1,1179,3558,3558,100.0,33.136593591905566,33.136593591905566,1179,73.6875,73.6875,8.5,136,1043,65.1875,65.1875,219.7681137392502,3,393.0,6582.645789639249,6582.645789639249,8804.1497861414,0.0,0,4,00000000000000000620;00000000000000000016;000000000000000005c4;000000000000000006aa,00000000000000000620;00000000000000000016;000000000000000005c4;000000000000000006aa,142.3421173095703,5,3.867713043251149,2.8776261400566967,2.561548312338437,0.0,0.0,0,0.0,1.0
2611606,Recife,2022,5,0,1110,1,2447,3558,3558,100.0,68.77459246767847,68.77459246767847,2447,152.9375,152.9375,15.25,244,2203,137.6875,137.6875,219.7681137392502,4,611.75,11329.35222673166,11329.35222673166,21032.049803921363,0.0153328164148667,0,10,00000000000000000620;0000000000000000054f;0000000000000000028c;000000000000000006f8;00000000000000000075;000000000000000005c4;000000000000000006aa;000000000000000008b0;0000000000000000034b;000000000000000005d3,00000000000000000620;0000000000000000054f;0000000000000000028c;000000000000000006f8;00000000000000000075;000000000000000005c4;000000000000000006aa;000000000000000008b0;0000000000000000034b;000000000000000005d3,625.0041160583496,14,6.939132224656473,4.952665107526505,6.119229339448163,3.1787325499534447,0.0,1,0.0,1.0
2611606,Recife,2022,6,0,1184,1,2373,3558,3558,100.0,66.69477234401349,66.69477234401349,2373,148.3125,148.3125,16.3125,261,2112,132.0,132.0,219.7681137392502,4,593.25,10283.474243606372,10283.474243606372,17142.179447891613,0.0184031824304917,0,10,0000000000000000054f;0000000000000000028c;000000000000000006f8;00000000000000000016;00000000000000000075;000000000000000005c4;000000000000000008b0;0000000000000000034b;000000000000000005ff;000000000000000005d3,0000000000000000054f;0000000000000000028c;000000000000000006f8;00000000000000000016;00000000000000000075;000000000000000005c4;000000000000000008b0;0000000000000000034b;000000000000000005ff;000000000000000005d3,433.8976604938507,14,7.422596355062866,4.495455967048654,4.987479984003553,3.815267425873232,0.0,1,0.0,1.0
2611606,Recife,2022,7,0,2138,1,1419,3558,3558,100.0,39.88195615514334,39.88195615514334,1419,88.6875,88.6875,10.9375,175,1244,77.75,77.75,219.7681137392502,4,354.75,5117.441183729111,5117.441183729111,10000.200958928586,0.003069334765625,0,5,00000000000000000620;0000000000000000028c;000000000000000005c4;000000000000000006aa;0000000000000000034b,00000000000000000620;0000000000000000028c;000000000000000005c4;000000000000000006aa;0000000000000000034b,277.6329040527344,8,4.9768366365364045,2.237106931027594,2.9095368106652213,0.636321081672634,0.0,0,0.0,1.0
2611606,Recife,2022,8,0,2318,1,1239,3558,3558,100.0,34.822934232715006,34.822934232715006,1239,77.4375,77.4375,10.625,170,1069,66.8125,66.8125,219.7681137392502,4,309.75,6486.933400031401,6486.933400031401,11480.199610863923,0.0184025501062729,0,8,00000000000000000620;0000000000000000054f;000000000000000006f8;00000000000000000016;00000000000000000075;000000000000000006aa;000000000000000008b0;000000000000000005d3,00000000000000000620;0000000000000000054f;000000000000000006f8;00000000000000000016;00000000000000000075;000000000000000006aa;000000000000000008b0;000000000000000005d3,162.46704864501953,13,4.834641304063936,2.8357851413056565,3.340139213079554,3.8151363351771783,0.0,0,0.0,1.0
2611606,Recife,2022,9,0,3160,1,397,3558,3558,100.0,11.157953906689151,11.157953906689151,397,24.8125,24.8125,3.125,50,347,21.6875,21.6875,219.7681137392502,4,99.25,2236.0262517644496,2236.0262517644496,3367.173932375008,0.0,0,1,0000000000000000034b,0000000000000000034b,72.51038980484009,2,1.421953324724687,0.9774865301210452,0.9796719630329394,0.0,0.0,0,0.0,1.0
2611606,Recife,2022,10,0,3400,1,157,3558,3558,100.0,4.4125913434513775,4.4125913434513775,157,9.8125,9.8125,0.3125,5,152,9.5,9.5,219.7681137392502,3,52.333333333333336,4.08190281689167,4.08190281689167,0.307492734375,0.0,0,0,,,49.3584213256836,0,0.1421953324724687,0.0017844177892036,8.946434510172272e-05,0.0,0.0,0,0.0,1.0
2611606,Recife,2022,11,0,2682,1,875,3558,3558,100.0,24.59246767847105,24.59246767847105,875,54.6875,54.6875,4.6875,75,800,50.0,50.0,219.7681137392502,4,218.75,3504.8044993430813,3504.8044993430813,6434.74297061048,0.0035418544921875,0,1,0000000000000000034b,0000000000000000034b,77.82556533813477,3,2.13292998708703,1.5321372842166392,1.872174530997259,0.7342818081744504,0.0,0,0.0,1.0
2611606,Recife,2022,12,0,2363,1,1194,3558,3558,100.0,33.55817875210793,33.55817875210793,1194,74.625,74.625,4.8125,77,1117,69.8125,69.8125,219.7681137392502,4,298.5,3335.171520384547,3335.171520384547,4420.369690098964,0.003069334765625,0,2,00000000000000000620;000000000000000006aa,00000000000000000620;000000000000000006aa,54.365352630615234,2,2.189808120076018,1.4579816467926914,1.2860969877419035,0.636321081672634,0.0,0,0.0,1.0
